Title,URL
How To Make Rocket Stove,SYYSuHulf-4
World's Best Rocket Stove!! - How to Build a Simple Camp Stove,GMcDekiRKs8
5 Minute Rocket Stove,dwZitmJl7zY
How to design and make a Rocket Stove Griddle,s_aKIs8sYPk
The Classic Rocket Stove Build,X8OOZuJcTFE
Hot Water Rocket Stove II - BUILD-,PBI4LaeKxDE
Hot Water Rocket Stove K Type Part 2,7wRszNLpuc0
Vortex Rocket Stove Pt 1,UBIBW1z2gks
Rocket stove (Pellet; wood).3 in 1. 거꾸로 타는 난로 만들기,uQ2MP6ryYCw
Como hacer estufa Rocket. Paso a paso / Handmade rocket stove.,JQ8axWRoEtA
Homemade wood burning Rocket stove,9-r4VLHQRlM
The Best Homemade Rocket Stove,B-9qo6P4NQU
로켓스토브 고기불판 (Rocket stove),jjsObiA3Heg
立佳設計工坊 - 火箭爐 Rocket stove,ug7jmoHf-Bg
Brick Rocket Stove Build And Water Boil Test vs Stove Top,Z_Rozs12174
DIY Brick Rocket Stove - Cooking Without Electrical Power,onMbSLuC7Oc
How to build a better brick rocket stove for $10,r66jjYdBmg8
Build Your Own Brick Rocket Stove,GRZM8pdsjyc
J shaped gravity fed brick rocket stove,v26b3jrylEc
Rocket stove en briques,TqW5Kse3ft0
How To Make A Concrete And Perlite Rocket Stove,TYr-Uj4HqDs
